t,survival_rate,expected_benefit,net_single_premium
0,0.997,0.0,37269.01156979932
1,0.994009,299.1,37455.35662764831
2,0.991026973,298.2027,37342.03791078655
3,0.988053892081,297.3080919,37229.05438684048
4,0.985089730404757,296.41616762430004,37116.40502641518
5,0.9821344612135428,295.5269191214271,37004.08880308483
6,0.9791880578299021,294.6403383640628,36892.10469338322
7,0.9762504936564125,293.7564173489707,36780.45167679425
8,0.9733217421754432,292.87514809692374,36669.128735742495
9,0.9704017769489168,291.99652265263296,36558.1348555838
10,0.9674905716180701,291.12053308467506,36447.46902459582
11,0.9645880999032158,290.247171485421,36337.1302339687
12,0.9616943356035061,289.37642997096475,36227.1174777957
13,0.9588092525966956,288.5083006810518,36117.42975306385
14,0.9559328248389055,287.6427757790087,36008.066059644705
15,0.9530650263643888,286.7798474516717,35899.02540028502
16,0.9502058312852957,285.9195079093167,35790.30678059751
17,0.9473552137914398,285.0617493855887,35681.90920905163
18,0.9445131481500655,284.20656413743194,35573.831696964364
19,0.9416796087056153,283.35394444501964,35466.073258491066
20,0.9388545698794984,282.5038826116846,35358.632910616274
21,0.93603800616986,281.65637096384955,35251.5096731446
22,0.9332298921513504,280.811401850958,35144.70256869165
23,0.9304302024748964,279.96896764540514,35038.210622674895
24,0.9276389118674717,279.12906074246894,34932.03286330463
25,0.9248559951318693,278.2916735602415,34826.16832157497
26,0.9220814271464737,277.4567985395608,34720.6160312548
27,0.9193151828650342,276.6244281439421,34615.375028878814
28,0.9165572373164391,275.7945548595103,34510.444353738545
29,0.9138075656044898,274.9671711949318,34405.823047873426
30,0.9110661429076764,274.142269681347,34301.51015606188
31,0.9083329444789534,273.31984287230296,34197.50472581243
32,0.9056079456455165,272.499883343686,34093.80580735482
33,0.90289112180858,271.68238369365497,33990.412453631194
34,0.9001824484431542,270.867336542574,33887.323720287226
35,0.8974819010978248,270.05473453294627,33784.53866566338
36,0.8947894553945313,269.2445703293475,33682.05635078608
37,0.8921050870283477,268.4368366183594,33579.87583935901
38,0.8894287717672626,267.6315261085043,33477.99619775435
39,0.8867604854519608,266.82863153017877,33376.41649500407
40,0.884100203995605,266.02814563558826,33275.13580279126
41,0.8814479033836181,265.2300611986815,33174.153195441446
42,0.8788035596734672,264.43437101508545,33073.46774991398
43,0.8761671489944468,263.64106790204016,32973.07854579338
44,0.8735386475474635,262.8501446983341,32872.9846652808
45,0.8709180316048211,262.06159426423903,32773.185193185374
46,0.8683052775100066,261.27540948144633,32673.67921691574
47,0.8657003616774767,260.491583253002,32574.465826471464
48,0.8631032605924442,259.710108503243,32475.54411443455
49,0.860513950810667,258.93097817773327,32376.91317596096
50,0.857932408958235,258.1541852432001,32278.57210877214
51,0.8553586117313603,257.37972268747046,32180.520013146583
52,0.8527925358961662,256.60758351940814,32082.755991911403
53,0.8502341582884777,255.83776076884985,31985.27915043395
54,0.8476834558136123,255.0702474865433,31888.088596613423
55,0.8451404054461714,254.30503674408368,31791.18344087251
56,0.8426049842298329,253.54212163385142,31694.562796149065
57,0.8400771692771434,252.78149526894987,31598.225777887787
58,0.837556937769312,252.023150783143,31502.171504031925
59,0.835044266956004,251.26708133079362,31406.399095015026
60,0.8325391341551359,250.5132800868012,31310.907673752652
61,0.8300415167526705,249.7617402465408,31215.696365634176
62,0.8275513922024125,249.01245502580113,31120.764298514572
63,0.8250687380258053,248.26541766072376,31026.110602706212
64,0.8225935318117279,247.52062140774157,30931.734410970712
65,0.8201257512162927,246.7780595435184,30837.634858510784
66,0.8176653739626438,246.03772536488782,30743.8110829621
67,0.8152123778407558,245.29961218879313,30650.262224385195
68,0.8127667407072335,244.56371335222676,30556.987425257383
69,0.8103284404851119,243.8300222121701,30463.98583046468
70,0.8078974551636565,243.09853214553354,30371.25658729377
71,0.8054737627981655,242.36923654909697,30278.798845423975
72,0.803057341509771,241.64212883944964,30186.61175691925
73,0.8006481694852418,240.91720245293132,30094.694476220197
74,0.798246224976786,240.19445084557256,30003.0461601361
75,0.7958514863018556,239.4738674930358,29911.665967836976
76,0.79346393184295,238.75544589055667,29820.553060845657
77,0.7910835400474212,238.03917955288503,29729.70660302987
78,0.7887102894272789,237.32506201422638,29639.12576059437
79,0.7863441585589971,236.61308682818367,29548.80970207304
80,0.78398512608332,235.90324756769914,29458.757598321077
81,0.7816331707050701,235.19553782499602,29368.968622507142
82,0.7792882711929549,234.489951211521,29279.441950105553
83,0.776950406379376,233.78648135788646,29190.176758888498
84,0.7746195551602378,233.0851219138128,29101.17222891826
85,0.7722956964947572,232.38586654807136,29012.427542539466
86,0.7699788094052729,231.68870894842718,28923.941884371347
87,0.767668872977057,230.99364282158186,28835.71444130003
88,0.7653658663581259,230.30066189311708,28747.74440247084
89,0.7630697687590515,229.60975990743776,28660.030959280608
90,0.7607805594527743,228.92093062771545,28572.57330537003
91,0.7584982177744161,228.2341678358323,28485.370636616026
92,0.7562227231210928,227.54946533232481,28398.422151124094
93,0.7539540549517295,226.86681693632787,28311.727049220724
94,0.7516921927868743,226.18621648551886,28225.284533445818
95,0.7494371162085136,225.5076578360623,28139.093808545098
96,0.747188804859888,224.8311348625541,28053.154081462577
97,0.7449472384453084,224.1566414579664,27967.46456133302
98,0.7427123967299725,223.48417153359256,27882.02445947443
99,0.7404842595397826,222.81371901899175,27796.83298938054
100,0.7382628067611632,222.1452778619348,27711.889366713353
101,0.7360480183408797,221.47884202834896,27627.192809295673
102,0.7338398742858571,220.81440550226392,27542.74253710366
103,0.7316383546629995,220.15196228575715,27458.5377722594
104,0.7294434395990105,219.49150639889984,27374.57773902351
105,0.7272551092802134,218.83303187970313,27290.86166378773
106,0.7250733439523728,218.17653278406405,27207.388775067568
107,0.7228981239205157,217.52200318571184,27124.158303494918
108,0.7207294295487541,216.8694371761547,27041.169481810746
109,0.7185672412601078,216.2188288646262,26958.42154485776
110,0.7164115395363275,215.57017237803237,26875.913729573098
111,0.7142623049177186,214.92346186089824,26793.645274981038
112,0.7121195180029655,214.27869147531558,26711.61542218574
113,0.7099831594489566,213.63585540088965,26629.82341436397
114,0.7078532099706097,212.994947834687,26548.268496757893
115,0.7057296503406979,212.35596299118293,26466.94991666782
116,0.7036124613896758,211.7188951022094,26385.866923445017
117,0.7015016240055068,211.08373841690272,26305.01876848452
118,0.6993971191334902,210.45048720165204,26224.404705217952
119,0.6972989277760897,209.8191357400471,26144.02398910638
120,0.6952070309927615,209.18967833282693,26063.875877633163
121,0.6931214098997832,208.56210929782844,25983.959630296835
122,0.6910420456700839,207.93642296993497,25904.274508603998
123,0.6889689195330736,207.31261370102516,25824.81977606223
124,0.6869020127744744,206.69067585992207,25745.59469817301
125,0.684841306736151,206.07060383234233,25666.59854242465
126,0.6827867828159425,205.45239202084528,25587.83057828527
127,0.6807384224674947,204.83603484478274,25509.290077195743
128,0.6786962072000923,204.22152674024844,25430.976312562714
129,0.676660118578492,203.6088621600277,25352.888559751573
130,0.6746301382227565,202.9980355735476,25275.0260960795
131,0.6726062478080883,202.38904146682697,25197.38820080848
132,0.6705884290646641,201.7818743424265,25119.97415513836
133,0.66857666377747,201.17652871939922,25042.783242199912
134,0.6665709337861376,200.572999133241,24965.814747047913
135,0.6645712209847792,199.9712801358413,24889.067956654242
136,0.6625775073218249,199.37136629543375,24812.542159900993
137,0.6605897747998594,198.77325219654747,24736.236647573587
138,0.6586080054754598,198.1769324399578,24660.150712353923
139,0.6566321814590335,197.58240164263796,24584.283648813533
140,0.6546622849146564,196.98965443771004,24508.634753406746
141,0.6526982980599124,196.39868547439693,24433.203324463877
142,0.6507402031657327,195.80948941797374,24357.988662184427
143,0.6487879825562355,195.2220609497198,24282.990068630283
144,0.6468416186085668,194.63639476687067,24208.206847718964
145,0.6449010937527411,194.05248558257006,24133.63830521685
146,0.6429663904714829,193.4703281258223,24059.283748732447
147,0.6410374913000684,192.88991714144487,23985.142487709654
148,0.6391143788261682,192.31124739002053,23911.213833421047
149,0.6371970356896897,191.73431364785046,23837.497098961176
150,0.6352854445826206,191.1591107069069,23763.99159923989
151,0.6333795882488727,190.5856333747862,23690.696650975646
152,0.6314794494841262,190.01387647466183,23617.61157268886
153,0.6295850111356738,189.44383484523786,23544.735684695264
154,0.6276962561022668,188.87550334070212,23472.068309099275
155,0.62581316733396,188.30887683068002,23399.608769787363
156,0.623935727831958,187.743950200188,23327.35639242146
157,0.6220639206484622,187.1807183495874,23255.31050443238
158,0.6201977288865168,186.61917619453865,23183.4704350132
159,0.6183371356998573,186.05931866595503,23111.835515112754
160,0.6164821242927577,185.50114070995718,23040.405077429034
161,0.6146326779198794,184.94463728782733,22969.17845640267
162,0.6127887798861198,184.38980337596385,22898.154988210415
163,0.6109504135464614,183.83663396583594,22827.33401075862
164,0.609117562305822,183.2851240639384,22756.714863676745
165,0.6072902096189046,182.73526869174663,22686.296888310866
166,0.6054683389900478,182.1870628856714,22616.079427717214
167,0.6036519339730777,181.64050169701434,22546.0618266557
168,0.6018409781711584,181.09558019192332,22476.243431583476
169,0.6000354552366449,180.55229345134754,22406.62359064851
170,0.598235348870935,180.01063657099348,22337.201653683147
171,0.5964406428243222,179.4706046612805,22267.97697219771
172,0.5946513208958493,178.93219284729668,22198.94889937411
173,0.5928673669331617,178.39539626875478,22130.116790059445
174,0.5910887648323622,177.8602100799485,22061.48000075964
175,0.5893154985378651,177.32662944970866,21993.037889633088
176,0.5875475520422515,176.79464956135953,21924.789816484295
177,0.5857849093861247,176.26426561267544,21856.73514275755
178,0.5840275546579663,175.73547281583743,21788.873231530597
179,0.5822754719939924,175.2082663973899,21721.20344750833
180,0.5805286455780104,174.68264159819773,21653.725157016495
181,0.5787870596412764,174.15859367340315,21586.437727995384
182,0.5770506984623526,173.63611789238294,21519.340529993588
183,0.5753195463669655,173.11520953870578,21452.43293416171
184,0.5735935877278646,172.59586391008963,21385.714313246117
185,0.571872806964681,172.0780763183594,21319.184041582706
186,0.5701571885437869,171.5618420894043,21252.841495090666
187,0.5684467169781556,171.04715656313607,21186.686051266264
188,0.5667413768272211,170.5340150934467,21120.71708917664
189,0.5650411526967395,170.02241304816633,21054.933989453606
190,0.5633460292386493,169.51234580902187,20989.336134287467
191,0.5616559911509333,169.00380877159478,20923.922907420838
192,0.5599710231774805,168.49679734528002,20858.693694142486
193,0.5582911101079481,167.99130695324416,20793.64788128119
194,0.5566162367776242,167.48733303238444,20728.784857199582
195,0.5549463880672914,166.98487103328728,20664.10401178803
196,0.5532815489030894,166.4839164201874,20599.604736458514
197,0.5516217042563801,165.98446467092683,20535.286424138514
198,0.549966839143611,165.48651127691403,20471.14846926492
199,0.5483169386261801,164.99005174308328,20407.190267777944
200,0.5466719878103016,164.49508158785403,20343.411217115034
201,0.5450319718468707,164.00159634309048,20279.810716204815
202,0.5433968759313301,163.50959155406122,20216.388165461034
203,0.5417666853035361,163.01906277939906,20153.142966776504
204,0.5401413852476254,162.5300055910608,20090.074523517087
205,0.5385209610918825,162.04241557428765,20027.182240515656
206,0.5369053982086068,161.55628832756474,19964.465524066072
207,0.535294682013981,161.07161946258205,19901.923781917198
208,0.5336887979679391,160.5884046041943,19839.556423266888
209,0.5320877315740353,160.10663939038173,19777.362858756005
210,0.5304914683793133,159.62631947221058,19715.342500462448
211,0.5288999939741753,159.14744051379398,19653.494761895185
212,0.5273132939922528,158.6699981922526,19591.819057988298
213,0.525731354110276,158.19398819767585,19530.314805095022
214,0.5241541600479452,157.71940623308282,19468.981420981832
215,0.5225816975678014,157.24624801438355,19407.818324822492
216,0.521013952475098,156.77450927034042,19346.82493719215
217,0.5194509106176727,156.3041857425294,19286.000680061414
218,0.5178925578858197,155.83527318530182,19225.344976790475
219,0.5163388802121622,155.36776736574592,19164.857252123198
220,0.5147898635715258,154.90166406364867,19104.536932181236
221,0.5132454939808112,154.43695907145775,19044.383444458173
222,0.5117057574988688,153.97364819424337,18984.396217813646
223,0.5101706402263723,153.51172724966065,18924.5746824675
224,0.5086401283056932,153.05119206791167,18864.918269993927
225,0.5071142079207761,152.59203849170797,18805.426413315643
226,0.5055928652970137,152.13426237623284,18746.098546698053
227,0.5040760867011227,151.67785958910412,18686.93410574343
228,0.5025638584410194,151.2228260103368,18627.93252738509
229,0.5010561668656963,150.7691575323058,18569.093249881626
230,0.49955299836509925,150.3168500597089,18510.415712811067
231,0.49805433937000393,149.86589950952978,18451.899357065115
232,0.4965601763518939,149.41630181100118,18393.54362484336
233,0.49507049582283824,148.9680529055682,18335.34795964752
234,0.49358528433536975,148.52114874685148,18277.31180627566
235,0.49210452848236363,148.07558530061092,18219.43461081645
236,0.49062821489691655,147.6313585447091,18161.715820643414
237,0.4891563302522258,147.18846446907497,18104.154884409196
238,0.48768886126146915,146.74689907566776,18046.75125203982
239,0.48622579467768473,146.30665837844077,17989.50437472897
240,0.4847671172936517,145.86773840330542,17932.413704932278
241,0.4833128159417707,145.4301351880955,17875.478696361613
242,0.4818628774939454,144.99384478253123,17818.698803979383
243,0.48041728886146357,144.55886324818363,17762.073483992837
244,0.4789760369948792,144.12518665843908,17705.602193848375
245,0.47753910888389456,143.69281109846375,17649.284392225883
246,0.4761064915572429,143.26173266516838,17593.119539033058
247,0.4746781720825711,142.83194746717288,17537.10709539973
248,0.4732541375663234,142.40345162477135,17481.246523672216
249,0.4718343751536244,141.97624126989703,17425.537287407682
250,0.47041887202816357,141.55031254608733,17369.978851368473
251,0.4690076154120791,141.12566160844906,17314.570681516492
252,0.46760059256584285,140.70228462362374,17259.31224500758
253,0.4661977907881453,140.28017776975284,17204.203010185873
254,0.4647991974157809,139.8593372364436,17149.2424465782
255,0.46340479982353355,139.43975922473427,17094.43002488846
256,0.46201458542406293,139.0214399470601,17039.765216992044
257,0.4606285416677907,138.60437562721887,16985.247495930205
258,0.45924665604278736,138.1885625003372,16930.8763359045
259,0.457868916074659,137.77399681283623,16876.651212271183
260,0.45649530932643506,137.3606748223977,16822.571601535637
261,0.45512582339845575,136.94859279793053,16768.636981346805
262,0.45376044592826037,136.53774701953674,16714.846830491617
263,0.4523991645904756,136.12813377847812,16661.200628889437
264,0.45104196709670413,135.71974937714268,16607.69785758651
265,0.449688841195414,135.31259012901123,16554.337998750412
266,0.4483397746718278,134.90665235862423,16501.120535664508
267,0.4469947553478123,134.50193240154834,16448.044952722412
268,0.44565377108176885,134.0984266043437,16395.110735422466
269,0.44431680976852356,133.69613132453065,16342.317370362212
270,0.44298385933921797,133.2950429305571,16289.664345232868
271,0.4416549077612003,132.8951578017654,16237.151148813822
272,0.4403299430379167,132.49647232836008,16184.777270967115
273,0.43900895320880295,132.098982911375,16132.542202631948
274,0.43769192634917653,131.70268596264089,16080.445435819174
275,0.436378850570129,131.30757790475295,16028.486463605816
276,0.4350697140184186,130.9136551710387,15976.664780129568
277,0.43376450487636337,130.5209142055256,15924.97988058332
278,0.43246321136173427,130.129351462909,15873.43126120968
279,0.43116582172764906,129.73896340852028,15822.018419295504
280,0.42987232426246613,129.34974651829472,15770.740853166417
281,0.42858270728967873,128.96169727873982,15719.59806218136
282,0.4272969591678097,128.57481218690364,15668.589546727133
283,0.4260150682903063,128.1890877503429,15617.714808212928
284,0.4247370230854354,127.80452048709188,15566.973349064896
285,0.4234628120161791,127.42110692563061,15516.36467272069
286,0.42219242358013054,127.03884360485372,15465.888283624034
287,0.4209258463093902,126.65772707403916,15415.543687219273
288,0.419663068770462,126.27775389281706,15365.330389945957
289,0.4184040795641506,125.89892063113861,15315.247899233404
290,0.41714886732545814,125.52122386924518,15265.295723495276
291,0.41589742072348174,125.14466019763744,15215.47337212416
292,0.4146497284613113,124.76922621704452,15165.780355486153
293,0.41340577927592737,124.3949185383934,15116.216184915453
294,0.41216556193809956,124.02173378277821,15066.780372708943
295,0.41092906525228523,123.64966858142986,15017.472432120794
296,0.40969627805652836,123.27871957568557,14968.29187735706
297,0.40846718922235875,122.90888341695852,14919.238223570279
298,0.40724178765469166,122.54015676670763,14870.310986854087
299,0.4060200622917276,122.17253629640749,14821.509684237815
300,0.4048020021048524,121.80601868751829,14772.833833681112
301,0.40358759609853784,121.44060063145572,14724.28295406856
302,0.4023768333102422,121.07627882956135,14675.856565204287
303,0.4011697028103115,120.71304999307266,14627.554187806598
304,0.3999661937018806,120.35091084309346,14579.375343502592
305,0.39876629512077494,119.98985811056417,14531.319554822794
306,0.3975699962354126,119.62988853623249,14483.38634519579
307,0.3963772862467064,119.27099887062379,14435.575238942854
308,0.39518815438796623,118.91318587401192,14387.88576127259
309,0.3940025899248023,118.55644631638988,14340.31743827557
310,0.3928205821550279,118.20077697744068,14292.869796918974
311,0.39164212040856283,117.84617464650837,14245.54236504124
312,0.39046719404733715,117.49263612256884,14198.334671346702
313,0.38929579246519513,117.14015821420115,14151.246245400253
314,0.38812790508779954,116.78873773955856,14104.276617621981
315,0.38696352137253615,116.43837152633986,14057.425319281834
316,0.38580263080841853,116.08905641176085,14010.691882494271
317,0.3846452229159933,115.74078924252557,13964.075840212921
318,0.3834912872472453,115.393566874798,13917.576726225247
319,0.3823408133855036,115.04738617417358,13871.1940751472
320,0.38119379094534706,114.70224401565108,13824.92742241789
321,0.380050209572511,114.35813728360412,13778.77630429425
322,0.3789100589437935,114.0150628717533,13732.740257845699
323,0.3777733287669621,113.67301768313806,13686.818820948814
324,0.37664000878066123,113.33199863008865,13641.011532282002
325,0.37551008875431924,112.99200263419837,13595.31793132017
326,0.37438355848805627,112.65302662629578,13549.7375583294
327,0.3732604078125921,112.31506754641688,13504.269954361618
328,0.37214062658915437,111.97812234377763,13458.914661249277
329,0.3710242047093869,111.64218797674631,13413.671221600025
330,0.3699111320952587,111.30726141281608,13368.539178791394
331,0.36880139869897294,110.97333962857762,13323.518076965469
332,0.367694994502876,110.64041960969189,13278.607461023574
333,0.3665919095193674,110.3084983508628,13233.806876620949
334,0.36549213379080925,109.97757285581022,13189.115870161435
335,0.3643956573894368,109.64764013724277,13144.533988792151
336,0.3633024704172685,109.31869721683104,13100.060780398182
337,0.3622125630060167,108.99074112518053,13055.695793597257
338,0.3611259253169986,108.663768901805,13011.438577734436
339,0.3600425475410476,108.3377775950996,12967.288682876793
340,0.3589624198984244,108.01276426231428,12923.2456598081
341,0.35788553263872913,107.68872596952733,12879.309060023514
342,0.35681187604081294,107.36565979161874,12835.478435724255
343,0.3557414404126905,107.04356281224388,12791.7533398123
344,0.35467421609145244,106.72243212380717,12748.133325885055
345,0.35361019344317807,106.40226482743573,12704.617948230054
346,0.35254936286284855,106.08305803295342,12661.20676181963
347,0.35149171477426,105.76480885885456,12617.89932230561
348,0.3504372396299372,105.44751443227801,12574.695186013989
349,0.3493859279110474,105.13117188898117,12531.593909939618
350,0.34833777012731426,104.81577837331423,12488.59505174089
351,0.34729275681693234,104.50133103819428,12445.69816973441
352,0.3462508785464815,104.1878270450797,12402.902822889697
353,0.34521212591084205,103.87526356394444,12360.20857082384
354,0.34417648953310953,103.56363777325262,12317.614973796193
355,0.3431439600645102,103.25294685993285,12275.121592703053
356,0.34211452818431665,102.94318801935306,12232.727989072335
357,0.3410881845997637,102.634358455295,12190.433725058245
358,0.3400649200459644,102.32645537992913,12148.238363435965
359,0.3390447252858265,102.01947601378933,12106.141467596315
360,0.33802759110996905,101.71341758574796,12064.142601540438
361,0.3370135083366391,101.40827733299072,12022.241329874461
362,0.3360024678116292,101.10405250099174,11980.437217804178
363,0.3349944604081943,100.80074034348876,11938.7298311297
364,0.33398947702696974,100.4983381224583,11897.11873624014
365,0.3329875085958888,100.19684310809093,11855.60350010827
366,0.33198854607010114,99.89625257876666,11814.183690285177
367,0.33099258043189084,99.59656382103036,11772.858874894942
368,0.32999960269059514,99.29777412956726,11731.62862262928
369,0.32900960388252337,98.99988080717854,11690.49250274221
370,0.3280225750708758,98.70288116475702,11649.450085044708
371,0.32703850734566314,98.40677252126272,11608.500939899348
372,0.32605739182362614,98.11155220369895,11567.644638214975
373,0.3250792196481553,97.81721754708785,11526.880751441331
374,0.3241039819892108,97.52376589444658,11486.208851563713
375,0.32313167004324317,97.23119459676325,11445.628511097613
376,0.32216227503311345,96.93950101297295,11405.139303083353
377,0.3211957882080141,96.64868250993405,11364.74080108073
378,0.32023220084339005,96.35873646240422,11324.43257916365
379,0.31927150424085987,96.06966025301702,11284.21421191475
380,0.3183136897281373,95.78145127225797,11244.08527442004
381,0.31735874865895286,95.49410691844119,11204.04534226352
382,0.316406672412976,95.20762459768586,11164.093991521804
383,0.3154574523957371,94.9220017238928,11124.230798758737
384,0.3145110800385499,94.63723571872113,11084.455341020017
385,0.31356754679843424,94.35332401156496,11044.7671958278
386,0.31262684415803893,94.07026403953027,11005.165941175315
387,0.3116889636255648,93.78805324741168,10965.651155521462
388,0.3107538967346881,93.50668908766944,10926.222417785419
389,0.30982163504448407,93.22616902040643,10886.879307341236
390,0.3088921701393506,92.94649051334522,10847.621404012432
391,0.30796549362893255,92.66765104180519,10808.448288066582
392,0.30704159714804574,92.38964808867978,10769.3595402099
393,0.3061204723566016,92.11247914441373,10730.354741581825
394,0.3052021109395318,91.83614170698048,10691.433473749596
395,0.3042865046067132,91.56063328185955,10652.595318702826
396,0.30337364509289305,91.28595138201396,10613.83985884807
397,0.30246352415761435,91.01209352786792,10575.166677003386
398,0.3015561335851415,90.73905724728431,10536.575356392894
399,0.30065146518438607,90.46684007554245,10498.065480641335
400,0.2997495107888329,90.19543955531582,10459.636633768621
401,0.2988502622564664,89.92485323664987,10421.28840018437
402,0.29795371146969696,89.65507867693992,10383.02036468246
403,0.29705985033528787,89.38611344090909,10344.832112435546
404,0.296168670784282,89.11795510058636,10306.72322898961
405,0.29528016477192914,88.8506012352846,10268.693300258466
406,0.29439432427761336,88.58404943157875,10230.741912518297
407,0.2935111413047805,88.31829728328401,10192.86865240215
408,0.29263060788086614,88.05334239143416,10155.07310689446
409,0.2917527160572235,87.78918236425984,10117.35486332554
410,0.29087745790905184,87.52581481716706,10079.713509366085
411,0.2900048255353247,87.26323737271557,10042.148633021661
412,0.28913481105871874,87.0014476605974,10004.659822627189
413,0.28826740662554257,86.74044331761563,9967.246666841424
414,0.28740260440566595,86.48022198766277,9929.908754641425
415,0.28654039659244895,86.22078132169979,9892.645675317031
416,0.2856807754026716,85.96211897773469,9855.457018465308
417,0.2848237330764636,85.70423262080148,9818.34237398501
418,0.2839692618772342,85.44711992293908,9781.301332071029
419,0.2831173540916025,85.19077856317027,9744.33348320883
420,0.28226800202932767,84.93520622748075,9707.438418168886
421,0.28142119802323967,84.68040060879831,9670.61572800111
422,0.28057693442917,84.4263594069719,9633.865004029272
423,0.27973520362588244,84.173080328751,9597.18583784541
424,0.2788959980150048,83.92056108776474,9560.577821304241
425,0.2780593100209598,83.66879940450144,9524.040546517557
426,0.2772251320908969,83.41779300628794,9487.57360584862
427,0.2763934566946242,83.16753962726906,9451.176591906542
428,0.2755642763245403,82.91803700838724,9414.849097540668
429,0.27473758349556665,82.66928289736208,9378.590715834942
430,0.27391337074507993,82.42127504867,9342.401040102266
431,0.2730916306328447,82.17401122352398,9306.279663878864
432,0.27227235574094616,81.92748918985342,9270.226180918617
433,0.2714555386737233,81.68170672228385,9234.240185187406
434,0.2706411720577021,81.43666160211698,9198.321270857447
435,0.269829248541529,81.19235161731063,9162.469032301606
436,0.2690197607959044,80.94877456245871,9126.683064087716
437,0.26821270151351667,80.70592823877132,9090.962960972882
438,0.2674080634089761,80.46381045405501,9055.308317897781
439,0.2666058392187492,80.22241902269283,9019.718729980943
440,0.26580602170109296,79.98175176562476,8984.19379251304
441,0.26500860363598966,79.74180651032789,8948.733100951153
442,0.2642135778250817,79.5025810907969,8913.336250913027
443,0.26342093709160647,79.26407334752452,8878.00283817134
444,0.26263067428033166,79.02628112748194,8842.732458647935
445,0.26184278225749064,78.78920228409949,8807.524708408055
446,0.26105725391071816,78.55283467724719,8772.379183654575
447,0.260274082148986,78.31717617321544,8737.295480722212
448,0.2594932599025391,78.0822246446958,8702.273196071741
449,0.25871478012283144,77.84797797076173,8667.311926284181
450,0.25793863578246295,77.61443403684943,8632.411268054986
451,0.2571648198751156,77.3815907347389,8597.570818188226
452,0.25639332541549026,77.14944596253467,8562.790173590753
453,0.2556241454392438,76.91799762464707,8528.068931266358
454,0.25485727300292604,76.68724363177313,8493.406688309919
455,0.25409270118391725,76.45718190087781,8458.803041901534
456,0.2533304230803655,76.22781035517517,8424.257589300658
457,0.25257043181112443,75.99912692410966,8389.76992784021
458,0.25181272051569104,75.77112954333732,8355.339654920681
459,0.251057282354144,75.54381615470732,8320.96636800423
460,0.25030411050708157,75.3171847062432,8286.649664608769
461,0.24955319817556032,75.09123315212447,8252.389142302036
462,0.24880453858103363,74.8659594526681,8218.184398695661
463,0.24805812496529053,74.6413615743101,8184.035031439207
464,0.24731395059039465,74.41743748958716,8149.940638214221
465,0.24657200873862348,74.1941851771184,8115.900816728255
466,0.2458322927124076,73.97160262158705,8081.915164708892
467,0.24509479583427038,73.74968781372229,8047.98327989774
468,0.24435951144676757,73.52843875028113,8014.104760044437
469,0.24362643291242728,73.30785343403028,7980.279202900626
470,0.24289555361369,73.08792987372819,7946.506206213928
471,0.24216686695284892,72.868666084107,7912.7853677219
472,0.24144036635199037,72.65006008585468,7879.116285145981
473,0.24071604525293439,72.43210990559712,7845.498556185426
474,0.2399938971171756,72.21481357588033,7811.931778511228
475,0.23927391542582405,71.99816913515268,7778.415549760023
476,0.23855609367954658,71.78217462774721,7744.949467527995
477,0.23784042539850794,71.56682810386398,7711.533129364749
478,0.2371269041223124,71.35212761955239,7678.166132767188
479,0.23641552340994548,71.13807123669372,7644.848075173373
480,0.23570627683971565,70.92465702298365,7611.578553956362
481,0.2349991580091965,70.7118830519147,7578.3571664180445
482,0.2342941605351689,70.49974740275896,7545.18350978296
483,0.23359127805356342,70.28824816055067,7512.057181192102
484,0.23289050421940272,70.07738341606903,7478.977777696708
485,0.2321918327067445,69.86715126582082,7445.944896252041
486,0.23149525720862427,69.65754981202336,7412.95813371115
487,0.2308007714369984,69.44857716258728,7380.0170868186215
488,0.2301083691226874,69.24023143109953,7347.1213522043145
489,0.22941804401531934,69.03251073680623,7314.27052637708
490,0.2287297898832734,68.8254132045958,7281.464205718475
491,0.22804360051362357,68.61893696498203,7248.701986476447
492,0.2273594697120827,68.41308015408707,7215.983464759021
493,0.22667739130294645,68.2078409136248,7183.308236527959
494,0.22599735912903762,68.00321739088393,7150.675897592405
495,0.2253193670516505,67.79920773871129,7118.086043602528
496,0.22464340895049556,67.59581011549515,7085.538270043135
497,0.22396947872364406,67.39302268514867,7053.032172227277
498,0.22329757028747313,67.19084361709322,7020.567345289838
499,0.2226276775766107,66.98927108624194,6988.143384181108
500,0.22195979454388087,66.78830327298321,6955.759883660339
501,0.22129391516024924,66.58793836316426,6923.416438289292
502,0.2206300334147685,66.38817454807477,6891.112642425757
503,0.2199681433145242,66.18901002443056,6858.84809021707
504,0.21930823888458062,65.99044299435727,6826.622375593602
505,0.21865031416792688,65.79247166537418,6794.43509226224
506,0.2179943632254231,65.59509425037807,6762.285833699849
507,0.21734038013574683,65.39830896762693,6730.174193146718
508,0.21668835899533959,65.20211404072406,6698.099763599986
509,0.21603829391835358,65.00650769860188,6666.062137807057
510,0.21539017903659852,64.81148817550607,6634.060908258997
511,0.21474400849948871,64.61705371097956,6602.095667183908
512,0.21409977647399026,64.42320254984662,6570.166006540292
513,0.21345747714456828,64.22993294219708,6538.271518010397
514,0.21281710471313459,64.03724314337049,6506.41179299354
515,0.2121786533989952,63.84513141394038,6474.586422599419
516,0.2115421174387982,63.653596019698554,6442.794997641406
517,0.2109074910864818,63.46263523163946,6411.037108629815
518,0.21027476861322236,63.272247325944534,6379.312345765165
519,0.2096439443073827,63.082430583966705,6347.620298931416
520,0.20901501247446055,62.893183292214815,6315.960557689185
521,0.20838796743703716,62.70450374233817,6284.332711268955
522,0.20776280353472606,62.51639023111115,6252.736348564249
523,0.20713951512412188,62.32884106041782,6221.171058124803
524,0.2065180965787495,62.14185453723656,6189.636428149705
525,0.20589854228901325,61.955428973624855,6158.132046480531
526,0.20528084666214622,61.76956268670398,6126.65750059444
527,0.20466500412215977,61.58425399864386,6095.212377597273
528,0.2040510091097933,61.399501236647936,6063.796264216621
529,0.2034388560824639,61.21530273293799,6032.408746794873
530,0.2028285395142165,61.03165682473917,6001.049411282244
531,0.20222005389567385,60.84856185426496,5969.717843229792
532,0.20161339373398682,60.66601616870216,5938.413627782405
533,0.20100855355278485,60.48401812019605,5907.13634967177
534,0.20040552789212648,60.302566065835464,5875.885593209331
535,0.1998043113084501,60.12165836763795,5844.660942279212
536,0.19920489837452476,59.94129339253504,5813.461980331131
537,0.1986072836794012,59.76146951235743,5782.288290373288
538,0.198011461828363,59.582185103820365,5751.139454965234
539,0.1974174274428779,59.403438548508895,5720.015056210721
540,0.19682517516054926,59.22522823286337,5688.914675750522
541,0.19623469963506762,59.04755254816478,5657.837894755246
542,0.1956459955361624,58.870409890520286,5626.784293918116
543,0.1950590575495539,58.69379866084872,5595.753453447734
544,0.19447388037690524,58.51771726486617,5564.744953060818
545,0.19389045873577454,58.342164113071576,5533.758371974931
546,0.19330878735956722,58.16713762073236,5502.793288901168
547,0.1927288609974885,57.99263620787017,5471.849282036837
548,0.19215067441449604,57.81865829924656,5440.925929058111
549,0.19157422239125255,57.645202324348816,5410.0228071126585
550,0.1909994997240788,57.47226671737577,5379.13949281225
551,0.19042650122490654,57.29984991722363,5348.275562225348
552,0.18985522172123181,57.12795036747196,5317.430590869664
553,0.18928565605606812,56.95656651636955,5286.604153704702
554,0.1887177990878999,56.78569681682044,5255.795825124274
555,0.1881516456906362,56.61533972636997,5225.005178948991
556,0.18758719075356428,56.44549370719086,5194.231788418733
557,0.18702442918130358,56.27615722606929,5163.4752261851
558,0.18646335589375967,56.10732875439107,5132.735064303824
559,0.1859039658260784,55.93900676812791,5102.01087422718
560,0.18534625392860016,55.77118974782352,5071.302226796346
561,0.18479021516681435,55.603876178580045,5040.6086922337645
562,0.1842358445213139,55.437064550044305,5009.92984013546
563,0.18368313698774996,55.27075335639417,4979.265239463342
564,0.1831320875767867,55.10494109632499,4948.614458537482
565,0.18258269131405633,54.93962627303601,4917.977065028363
566,0.18203494324011416,54.77480739421691,4887.352625949103
567,0.18148883841039382,54.61048297203425,4856.74070764766
568,0.18094437189516263,54.44665152311815,4826.140875799004
569,0.18040153877947715,54.2833115685488,4795.552695397265
570,0.1798603341631387,54.12046163384314,4764.975730747859
571,0.1793207531606493,53.95810024894161,4734.409545459586
572,0.17878279090116736,53.79622594819479,4703.853702436698
573,0.17824644252846386,53.63483727035022,4673.307763870946
574,0.17771170320087848,53.473932758539156,4642.771291233597
575,0.17717856809127586,53.31351096026355,4612.243845267432
576,0.17664703238700202,53.15357042738276,4581.724985978704
577,0.17611709128984102,52.9941097161006,4551.214272629078
578,0.1755887400159715,52.8351273869523,4520.711263727541
579,0.1750619737959236,52.67662200479145,4490.215517022291
580,0.1745367878745358,52.51859213877707,4459.726589492587
581,0.1740131775109122,52.36103636236074,4429.244037340578
582,0.17349113797837945,52.20395325327366,4398.767415983108
583,0.17297066456444432,52.04734139351384,4368.2962800434825
584,0.172451752570751,51.89119936933329,4337.830183343218
585,0.17193439731303872,51.7355257712253,4307.368678893753
586,0.1714185941210996,51.58031919391162,4276.91131888814
587,0.1709043383387363,51.42557823632988,4246.457654692699
588,0.1703916253237201,51.27130150162089,4216.007236838651
589,0.16988045044774894,51.117487597116025,4185.559615013715
590,0.1693708090964057,50.964135134324685,4155.114338053681
591,0.1688626966691165,50.81124272892171,4124.670953933954
592,0.16835610857910915,50.658809000734955,4094.229009761056
593,0.16785104025337183,50.506832573732744,4063.7880517641224
594,0.16734748713261172,50.35531207601154,4033.347625286341
595,0.16684544467121387,50.204246139783514,4002.9072747763807
596,0.16634490833720023,50.05363340136416,3972.46654377978
597,0.16584587361218864,49.90347250116007,3942.0249749303075
598,0.16534833599135207,49.75376208365659,3911.582109941293
599,0.164852290983378,49.60450079740562,3881.1374895969243
600,0.16435773411042787,49.4556872950134,3850.6906537435157
601,0.1638646609080966,49.30732023312836,3820.2411412807446
602,0.1633730669253723,49.15939827242898,3789.7884901528537
603,0.16288294772459616,49.01192007761169,3759.3322373398264
604,0.16239429888142237,48.864884317378845,3728.8719188485256
605,0.1619071159847781,48.71828966442671,3698.4070697038023
606,0.16142139463682378,48.572134795433435,3667.937223939572
607,0.1609371304529133,48.426418391047136,3637.4619145898587
608,0.16045431906155455,48.28113913587399,3606.980673679805
609,0.15997295610436987,48.136295718466364,3576.49303221665
610,0.15949303723605676,47.991886831310964,3545.9985201806744
611,0.1590145581243486,47.84791117081703,3515.4966665161096
612,0.15853751444997555,47.704367437304576,3484.9869991220185
613,0.1580619019066256,47.56125433499267,3454.4690448431375
614,0.15758771620090573,47.418570571987686,3423.9423294606854
615,0.157114953052303,47.27631486027172,3393.406377683141
616,0.1566436081931461,47.134485915690895,3362.860713136983
617,0.15617367736856666,46.993082457943835,3332.3048583573986
618,0.15570515633646095,46.85210321057,3301.738334778952
619,0.15523804086745158,46.71154690093829,3271.1606627262236
620,0.15477232674484923,46.571412260235476,3240.5713614044116
621,0.15430800976461467,46.43169802345477,3209.969948889897
622,0.15384508573532082,46.2924029293844,3179.3559421207738
623,0.15338355047811486,46.15352572059625,3148.728856887346
624,0.15292339982668052,46.01506514343446,3118.0882078225827
625,0.15246462962720048,45.877019948004154,3087.4335083925434
626,0.15200723573831887,45.73938888816015,3056.7642708867616
627,0.15155121403110391,45.60217072149566,3026.0800064085943
628,0.1510965603890106,45.46536420933118,2995.380224865534
629,0.15064327070784356,45.32896811670318,2964.664434959483
630,0.15019134089572003,45.19298121235307,2933.9321441769935
631,0.14974076687303287,45.05740226871601,2903.1828587794635
632,0.14929154457241375,44.922230061909865,2872.416083793301
633,0.14884366993869652,44.78746337172413,2841.631323000048
634,0.14839713892888043,44.65310098160896,2810.828078926465
635,0.14795194751209378,44.51914167866413,2780.00585283458
636,0.1475080916695575,44.38558425362814,2749.164144711695
637,0.14706556739454882,44.25242750086725,2718.3024532603567
638,0.14662437069236517,44.11967021836465,2687.4202758882866
639,0.14618449758028806,43.98731120770955,2656.5171086982714
640,0.1457459440875472,43.85534927408642,2625.5924464780146
641,0.14530870625528455,43.72378322626417,2594.6457826899473
642,0.1448727801365187,43.592611876585366,2563.6766094610016
643,0.14443816179610913,43.46183404095561,2532.6844175723377
644,0.1440048473107208,43.331448538832745,2501.6686964490386
645,0.14357283276878863,43.20145419321624,2470.628934149757
646,0.14314211427048226,43.071849830636594,2439.564617356323
647,0.1427126879276708,42.942634281144684,2408.475231363315
648,0.1422845498638878,42.813806378301244,2377.3602600675804
649,0.14185769621429614,42.68536495916634,2346.219185957725
650,0.14143212312565326,42.55730886428884,2315.0514901035513
651,0.1410078267562763,42.42963693769598,2283.8566521454586
652,0.14058480327600748,42.30234802688289,2252.634150283801
653,0.14016304886617945,42.17544098280224,2221.383461268202
654,0.1397425597195809,42.048914659853835,2190.104060386827
655,0.13932333204042216,41.922767915874275,2158.7954214556075
656,0.1389053620443009,41.79699961212665,2127.4570168074315
657,0.138488645958168,41.67160861329027,2096.0883172812814
658,0.1380731800202935,41.546593787450405,2064.688792211331
659,0.13765896048023263,41.42195400608805,2033.2579094159996
660,0.13724598359879192,41.29768814406979,2001.7951351869608
661,0.13683424564799554,41.17379507963758,1970.2999342781054
662,0.13642374291105155,41.05027369439866,1938.77176989446
663,0.1360144716823184,40.92712287331547,1907.2101036810616
664,0.13560642826727143,40.80434150469552,1875.6143957117847
665,0.1351996089824696,40.681928480181426,1843.9841044781244
666,0.1347940101555222,40.559882694740885,1812.3186868779326
667,0.13438962812505564,40.43820304665666,1780.6175982041075
668,0.13398645924068048,40.316888437516695,1748.880292133238
669,0.13358449986295842,40.19593777220415,1717.1062207142
670,0.13318374636336955,40.07534995888753,1685.2948343567057
671,0.13278419512427944,39.955123909010865,1653.445581819807
672,0.1323858425389066,39.835258537283835,1621.55791020035
673,0.13198868501128988,39.71575276167198,1589.6312649213814
674,0.13159271895625602,39.59660550338696,1557.6650897205077
675,0.13119794079938724,39.47781568687681,1525.6588266382064
676,0.13080434697698906,39.35938223981617,1493.6119160060862
677,0.1304119339360581,39.24130409309672,1461.5237964351013
678,0.13002069813424993,39.12358018081743,1429.3939048037146
679,0.12963063603984717,39.00620944027498,1397.2216762460114
680,0.12924174413172762,38.88919081195415,1365.006544139765
681,0.12885401889933243,38.772523239518286,1332.7479400944499
682,0.12846745684263444,38.656205669799725,1300.445293939206
683,0.12808205447210655,38.54023705279034,1268.0980337107533
684,0.12769780830869024,38.42461634163197,1235.7055856412526
685,0.12731471488376417,38.30934249260707,1203.2673741461188
686,0.12693277073911288,38.19441446512925,1170.782821811779
687,0.12655197242689553,38.07983122173386,1138.2513493833828
688,0.12617231650961486,37.96559172806866,1105.6723757524571
689,0.12579379956008602,37.85169495288446,1073.0453179445103
690,0.12541641816140575,37.738139868025804,1040.369591106584
691,0.12504016890692154,37.62492544842173,1007.644608494751
692,0.12466504840020078,37.51205067207646,974.8697814615607
693,0.12429105325500017,37.39951452006023,942.0445194434316
694,0.12391818009523517,37.287315976500054,909.168229947988
695,0.12354642555494946,37.17545402857055,876.2403185413453
696,0.12317578627828461,37.06392766648484,843.2601888353386
697,0.12280625891944975,36.95273588348538,810.227242474698
698,0.1224378401426914,36.84187767583493,777.1408791241686
699,0.12207052662226334,36.73135204280742,744.0004964555752
700,0.12170431504239655,36.621157986679,710.8054901348315
701,0.12133920209726937,36.51129451271897,677.5552538088932
702,0.12097518449097756,36.401760629180814,644.249179092655
703,0.12061225893750463,36.292555347293266,610.8866555557915
704,0.12025042216069212,36.18367768125139,577.4670707095407
705,0.11988967089421004,36.07512664820764,543.9898099934308
706,0.11953000188152742,35.966901268263015,510.4542567619492
707,0.11917141187588283,35.85900056445822,476.85979227115456
708,0.11881389764025518,35.75142356276485,443.2057956652298
709,0.11845745594733442,35.644169292076555,409.49164396297726
710,0.11810208357949242,35.53723678420033,375.7167120442552
711,0.11774777732875394,35.43062507384773,341.8803726363551
712,0.11739453399676768,35.324333198626185,307.98199630031985
713,0.11704235039477738,35.2183601990303,274.0209514172021
714,0.11669122334359305,35.11270511843321,239.99660417426264
715,0.11634114967356228,35.00736700307792,205.90831855110855
716,0.1159921262245416,34.902344902068684,171.75545630577076
717,0.11564414984586797,34.79763786736248,137.5373769607206
718,0.11529721739633036,34.69324495376039,103.2534377888249
719,0.11495132574414137,34.58916521889911,68.90299379923982
720,0.11460647176690894,34.48539772324241,34.48539772324241
